Site ID,Location Description,Speed Limit,Reason Code(s),Latitude,Longitude,Geo Location
7117,170 St between 109 - 110 Ave,60,History of Speeding; History of Collisions;,53.55689727,-113.61519067,"(53.55689726799364, -113.61519066743405)"
2465,87 Ave between 145 - 147 St,60,History of Speeding;,53.51935496,-113.57257678,"(53.51935496461201, -113.57257677991879)"
4184,105 St Btwn 19-20 Ave,30,School/Playground Area;,53.44904603,-113.50054363,"(53.44904603300595, -113.50054363176856)"
247,Yellowhead Trail at 50 St,80,History of Speeding;,53.58249321,-113.41882007,"(53.58249321383768, -113.41882006927375)"
4077,80 Ave btwn 163 - 166 St,30,School/Playground Area;,53.51373496,-113.60527692,"(53.5137349614367, -113.60527692473087)"
4171,Hemmingway Rd Btwn 201-204 St,30,School/Playground Area;,53.48787239,-113.67022116,"(53.48787239238095, -113.67022115635118)"
4176,163 St Btwn 103 - 104 Ave,30,School/Playground Area;,53.54563480,-113.60263291,"(53.54563480320573, -113.60263290746697)"
2718,97 St between 115 -117 Ave,50,History of Collisions;,53.56731151,-113.49170405,"(53.56731150889194, -113.49170404896168)"
4050,109 St btwn 164 Ave - Beaumaris Rd,30,School/Playground Area;,53.62354530,-113.50869668,"(53.62354529926539, -113.50869667875803)"
4134,142 St Btwn 85 - N of 80 Ave,30,School/Playground Area;,53.51636706,-113.56569690,"(53.51636706221084, -113.5656968956074)"
2753,95 Ave between 170 - 165 St,50,Area of Public Concern; School/Playground Area;,53.53159489,-113.61092032,"(53.53159488961687, -113.61092031770549)"
2792,Stony Plain Rd Between 180 - 182 St,60,History of Speeding;,53.54136793,-113.63454323,"(53.541367928845716, -113.63454323274686)"
2464,87 Ave between 147 - 145 St,60,History of Speeding;,53.51935496,-113.57257678,"(53.51935496461201, -113.57257677991879)"
2756,82 Ave between 91 - 95A St,50,History of Speeding; Area of Public Concern;,53.51807394,-113.47154945,"(53.51807393531409, -113.47154944910467)"
2610,75 St between 92A - 94B Ave,60,History of Collisions;,53.53004509,-113.44289010,"(53.53004508591621, -113.44289009860144)"
4127,156 St N of 81 - 84 Ave,30,School/Playground Area;,53.51626415,-113.59034063,"(53.51626415127578, -113.59034063255316)"
4039,38 Ave W of 55 St - Grand Meadow Cres,30,School/Playground Area;,53.47312159,-113.42754125,"(53.473121593061876, -113.42754125443192)"
4204,Saddleback Rd Btwn 25 - 27 Ave,30,School/Playground Area;,53.45785905,-113.52900704,"(53.457859050202686, -113.52900703664673)"
7086,Whitemud Dr between 53 Ave - Fox Dr,80,History of Collisions; Conventional Enforcement Unsafe;,53.49785615,-113.57162535,"(53.49785614650408, -113.57162535326819)"
7082,Anthony Henday Dr at 97 St,100,History of Speeding; History of Collisions; Conventional Enforcement Unsafe;,53.64716486,-113.48933364,"(53.64716486378753, -113.4893336448136)"
2728,111 Ave between 116 - 119 St,60,History of Collisions;,53.55894082,-113.52415980,"(53.55894082059738, -113.52415980143171)"
4193,40 Ave Btwn 119 - 115 A St,30,School/Playground Area;,53.47627954,-113.53524097,"(53.476279539661796, -113.53524096589928)"
2506,118 Ave between 56 - 54 St,50,Area of Public Concern; Conventional Enforcement Unsafe;,53.57036075,-113.42612185,"(53.57036074808705, -113.42612184514128)"
4040,38 Ave btwn Grand Meadow Cres - W of 55 St,30,School/Playground Area;,53.47312159,-113.42754125,"(53.473121593061876, -113.42754125443192)"
2632,106 Ave between Fulton Dr - 65 St,50,Area of Public Concern;,53.54925764,-113.43199190,"(53.549257641684676, -113.43199190399541)"
2527,Riverbend Rd between 43 - 45 Ave,50,Area of Public Concern;,53.48179312,-113.57958700,"(53.481793118004646, -113.57958699971324)"
7216,Gateway Blvd at Ellerslie Road SW,90,History of Speeding; History of Collisions; Conventional Enforcement Unsafe;,53.42288224,-113.49284070,"(53.42288223599802, -113.49284070137155)"
4119,106 St btwn 42 - 40 Ave,30,School/Playground Area;,53.47654717,-113.50444638,"(53.476547167667015, -113.50444637510853)"
2518,109 St between 110 - 108 Ave,50,History of Collisions; Area of Public Concern; School/Playground Area; Conventional Enforcement Unsafe;,53.55486531,-113.50852235,"(53.55486530627489, -113.50852234993984)"
7221,St Albert Tr between 134 - 132 Ave,60,History of Speeding; Conventional Enforcement Unsafe;,53.59348307,-113.56879549,"(53.593483072034445, -113.56879548728857)"
4166,114 Ave Btwn 36 - 38 St,30,School/Playground Area;,53.56680278,-113.39815384,"(53.566802783668805, -113.39815383996427)"
2543,82 Ave between 89 - 87 St,50,History of Speeding;,53.51802663,-113.46439597,"(53.518026625881376, -113.4643959671418)"
4194,79 St Btwn 94 - 95 Ave,30,School/Playground Area;,53.53195597,-113.44808665,"(53.53195597165733, -113.44808664539325)"
2669,127 St between 135 - 137 Ave,50,History of Collisions;,53.59790581,-113.54117502,"(53.59790580646996, -113.54117502469983)"
2714,97 St between 112 - 114 Ave,50,History of Collisions;,53.56264186,-113.49165881,"(53.56264185847118, -113.49165880832469)"
4115,76 St btwn 38 Ave south of 40 Ave,30,School/Playground Area;,53.47490073,-113.45032620,"(53.47490073163009, -113.45032619518419)"
7038,66 St north of 167 Ave,60,History of Speeding;,53.63023700,-113.44285471,"(53.630236996229726, -113.44285470685995)"
4122,132 Ave W of 76 - 72 St,30,School/Playground Area;,53.59224183,-113.45567120,"(53.59224183366425, -113.45567119624538)"
2726,111 Ave between 113 - 116 St,60,History of Collisions;,53.55894104,-113.51855918,"(53.55894103626022, -113.51855918183202)"
7022,Whitemud Dr at 111 St.,80,Conventional Enforcement Unsafe;,53.48291678,-113.51717104,"(53.482916781777305, -113.51717103788715)"
4060,139 Ave btwn 34 - 30 St,30,School/Playground Area;,53.60302413,-113.39091373,"(53.603024127907695, -113.39091373041586)"
2782,87 Ave between 120 - 117 St,50,History of Collisions;,53.52295597,-113.53541744,"(53.52295597217655, -113.53541743778709)"
7167,91 St between Anthony Henday Dr - 23 Ave,70,History of Speeding; History of Collisions;,53.44580735,-113.46635873,"(53.445807349619315, -113.46635873271116)"
4158,139 St Btwn 115 - 116 Ave,30,School/Playground Area;,53.56730962,-113.56138398,"(53.56730962345996, -113.56138397929033)"
2494,142 St between 106 - 104 Ave,50,Area of Public Concern; Conventional Enforcement Unsafe;,53.54745783,-113.56575002,"(53.54745783435487, -113.56575002307038)"
2620,50 St between Fulton Rd - 101A Ave,50,History of Speeding; Area of Public Concern;,53.54501797,-113.41870308,"(53.545017973609056, -113.41870307708544)"
7130,Anthony Henday Dr  at 34 St,100,History of Speeding; History of Collisions; Conventional Enforcement Unsafe;,53.43537957,-113.39259397,"(53.43537956821957, -113.39259396948836)"
2452,144 Avenue between 79 - 77 Street,50,Area of Public Concern;,53.60685526,-113.46181386,"(53.606855255724994, -113.46181385547087)"
7162,176 Ave between 112 - 107 St,50,Area of Public Concern;,53.63973398,-113.51212902,"(53.639733978403186, -113.51212902249974)"
2538,163 St between 89 - 93 Ave,50,History of Collisions; Area of Public Concern;,53.52604812,-113.60277075,"(53.52604811879211, -113.60277075053138)"
7034,100 Ave at Anthony Henday Dr,70,History of Speeding; Area of Public Concern;,53.53789067,-113.65758506,"(53.537890673137326, -113.65758505775979)"
2745,127 Ave between 92 - 93 St,60,Area of Public Concern;,53.58477414,-113.48367366,"(53.58477414147545, -113.48367366377676)"
4076,104 Ave btwn 161 - 159 St,30,School/Playground Area;,53.54641245,-113.59745088,"(53.54641245308155, -113.59745087860475)"
7016,Whitemud Dr east of 17 Street,80,History of Speeding; History of Collisions;,53.48260872,-113.36274539,"(53.48260872136551, -113.36274538644595)"
4117,76 St south of 40 - 38 Ave,30,School/Playground Area;,53.47490073,-113.45032620,"(53.47490073163009, -113.45032619518419)"
7219,104 St Btwn University Ave - 73 Ave,50,History of Speeding; School/Playground Area;,53.51047043,-113.49767867,"(53.510470430849715, -113.49767866621947)"
2765,95 Ave between 163 - 160 St,50,History of Speeding;,53.53158424,-113.59980952,"(53.53158424066625, -113.59980952351272)"
301,Whitemud Dr. at Rainbow Valley Bridge,80,Conventional Enforcement Unsafe;,53.48260935,-113.55484121,"(53.48260934952588, -113.55484121000502)"
7044,Yellowhead Tr at 215 St,100,History of Speeding; History of Collisions; Conventional Enforcement Unsafe;,53.57004750,-113.68955622,"(53.57004750075467, -113.68955622353262)"
2771,40 Ave between 112A - 111 St,50,History of Speeding; Area of Public Concern; School/Playground Area;,53.47570067,-113.51982052,"(53.47570066575741, -113.519820518637)"
4092,144 Ave E of 92 St - 88A St,30,School/Playground Area;,53.60570499,-113.47865494,"(53.605704993121165, -113.47865493885406)"
4186,182 St N of 84 -87 Ave,30,School/Playground Area;,53.51925172,-113.63696966,"(53.51925172231421, -113.63696966453718)"
4180,Windermere Rd Btwn Whitelaw Ln-Windermere Blvd,30,School/Playground Area;,53.44112794,-113.61706553,"(53.44112794183161, -113.61706553120518)"
7206,Stony Plain Rd between 178 - 182 St,60,History of Speeding;,53.54139990,-113.63192095,"(53.541399898107095, -113.63192094542754)"
2462,87 Ave between 150 - 152 St,60,History of Speeding;,53.51948750,-113.58110205,"(53.51948749711371, -113.58110204742488)"
2727,111 Ave between 113 - 110 St,60,History of Collisions;,53.55882574,-113.51302431,"(53.558825735893926, -113.51302431393195)"
2738,66 St between Delwood Rd - 132 Ave,50,Area of Public Concern;,53.59387267,-113.44306107,"(53.593872669517005, -113.4430610657342)"
4055,106 St btwn 36A - 40 Ave,30,School/Playground Area;,53.47360028,-113.50414840,"(53.47360028471193, -113.50414839705496)"
4131,127 St Btwn 115 - N of 116 ave,30,School/Playground Area;,53.56640356,-113.54118385,"(53.56640356243758, -113.54118385049571)"
2468,132 Ave between 119 - 121 St,50,History of Collisions; Area of Public Concern;,53.59215843,-113.52860163,"(53.592158428423296, -113.52860163208166)"
4250,164 Ave Btwn 87-84 St,30,School/Playground Area;,53.62616164,-113.47498687,"(53.626161640996315, -113.47498686756944)"
2530,144 Ave between 77 - 79 St,50,Area of Public Concern;,53.60698368,-113.46181350,"(53.60698368275026, -113.46181349637098)"
2502,82 Ave between 87 - 89 St,50,History of Speeding;,53.51802814,-113.46287313,"(53.5180281449368, -113.46287312617724)"
7094,121 St between Yellowhead Tr - Kingsway Ave,60,History of Speeding;,53.57714222,-113.53072241,"(53.57714221752638, -113.53072241132087)"
4107,62 St btwn Fulton Rd - 106 Ave,30,School/Playground Area;,53.54741556,-113.42793646,"(53.547415560573064, -113.42793646040391)"
4062,59 St btwn 149 Ave - 62 St,30,School/Playground Area;,53.60800247,-113.43338388,"(53.608002467979894, -113.43338387954886)"
4153,144 Ave btwn 88A -E of 87 St,30,School/Playground Area;,53.60610710,-113.47484696,"(53.60610709616123, -113.47484695607673)"
4170,Hemmingway Rd Btwn 204 - 201 St,30,School/Playground Area;,53.48787239,-113.67022116,"(53.48787239238095, -113.67022115635118)"
2480,50 St between Eleniak Rd - 68 Ave,60,Area of Public Concern; Conventional Enforcement Unsafe;,53.50274883,-113.41811034,"(53.502748834603935, -113.41811034175201)"
4108,62 St btwn 106 Ave - Fulton Rd,30,School/Playground Area;,53.54741556,-113.42793646,"(53.547415560573064, -113.42793646040391)"
2504,82 Ave between 98 - 97 St,50,Area of Public Concern;,53.51798620,-113.48126114,"(53.51798620158131, -113.48126113525402)"
4283,57 Ave btwn W Entrance of Lessard Dr - 175 St,30,School/Playground Area;,53.49294098,-113.62387896,"(53.492940980638295, -113.62387896079689)"
2729,Princess Elizabeth Ave between 106 - 102 St,50,History of Speeding;,53.56806178,-113.49916298,"(53.56806178253305, -113.49916297990252)"
2577,144 Ave between 94 - 92 St,50,Area of Public Concern; School/Playground Area; Conventional Enforcement Unsafe;,53.60603596,-113.48378929,"(53.60603596170995, -113.48378929255034)"
2484,98 Ave btwn Ottewell Rd - 67A St,60,Area of Public Concern; Conventional Enforcement Unsafe;,53.53747198,-113.43550741,"(53.537471975555434, -113.43550741469898)"
4106,Ottewell Rd btwn 94B - 94 Ave,30,School/Playground Area;,53.53172388,-113.43521286,"(53.53172388311745, -113.43521286408608)"
4116,76 St btwn south of 40 Ave - 38 Ave,30,School/Playground Area;,53.47490073,-113.45032620,"(53.47490073163009, -113.45032619518419)"
4284,Millwoods Rd S btwn W of 54 St - E of 62 St,30,School/Playground Area;,53.44548512,-113.42761825,"(53.44548512191101, -113.42761824856652)"
4059,139 Ave btwn 30 - 34 St,30,School/Playground Area;,53.60302413,-113.39091373,"(53.603024127907695, -113.39091373041586)"
2615,113A St between 134 - 136 Ave,50,Area of Public Concern;,53.59665638,-113.51656063,"(53.59665638169049, -113.51656063070774)"
7081,Anthony Henday Dr at 97 St,100,History of Speeding; History of Collisions; Conventional Enforcement Unsafe;,53.64668383,-113.48927634,"(53.64668382716076, -113.48927634261672)"
4003,Delwood Rd btwn 134B Ave - 73 St,30,School/Playground Area;,53.59681869,-113.45765336,"(53.59681868943947, -113.45765336446044)"
4161,149 A Ave Btwn 76-79 St,30,School/Playground Area;,53.61067880,-113.46150904,"(53.610678804894945, -113.46150903763454)"
7169,Anthony Henday Dr between 66 St - Manning Dr,100,History of Speeding; History of Collisions; Conventional Enforcement Unsafe;,53.64075388,-113.41656547,"(53.64075388187443, -113.41656547211505)"
2569,156 St between 92 - 94 Ave,50,Area of Public Concern; Conventional Enforcement Unsafe;,53.52837963,-113.59032512,"(53.52837963329957, -113.5903251192683)"
302,Whitemud Dr. at Rainbow Valley Bridge,80,Conventional Enforcement Unsafe;,53.48244191,-113.55484227,"(53.48244191480881, -113.55484226619923)"
4054,106 St btwn 42 - 40 Ave,30,School/Playground Area;,53.47654717,-113.50444638,"(53.476547167667015, -113.50444637510853)"
2701,112 Ave btwn 55 - 53 St,50,Area of Public Concern;,53.56725996,-113.42460532,"(53.56725995687313, -113.42460531605064)"
4188,91 St Btwn 86 Ave - S of 88 Ave,30,School/Playground Area;,53.52255780,-113.46744056,"(53.522557800494795, -113.46744056333924)"
4118,96 St N of 68 - 66 Ave,30,School/Playground Area;,53.50388979,-113.47644333,"(53.50388978805928, -113.47644332823741)"
4152,144 Ave E of  87 - 88A St,30,School/Playground Area;,53.60623172,-113.47489940,"(53.60623171768247, -113.4748994011425)"
2671,163 St between 93 - 92 Ave,50,History of Collisions; Area of Public Concern; School/Playground Area;,53.52753902,-113.60274611,"(53.527539024108236, -113.60274610892697)"
4271,87 St btwn 77 - 79 Ave,30,School/Playground Area;,53.51418699,-113.46134270,"(53.51418699357125, -113.46134269709607)"
7196,Anthony Henday Dr between 18 - 66 St,100,History of Speeding; History of Collisions; Conventional Enforcement Unsafe;,53.63757881,-113.40232135,"(53.637578811726904, -113.40232134694827)"
2781,149 St. Between 80 - 84 Ave,60,Area of Public Concern;,53.51582617,-113.57789933,"(53.51582616874022, -113.57789932650225)"
4030,Riverbend Rd btwn 56 - 53  Ave,30,School/Playground Area;,53.49209992,-113.57825354,"(53.49209991758165, -113.57825353692337)"
4177,163 St Btwn 104 - 103 Ave,30,School/Playground Area;,53.54563480,-113.60263291,"(53.54563480320573, -113.60263290746697)"
4285,Millwoods Rd S btwn E of 62 St - W of 54 St,30,School/Playground Area;,53.44548512,-113.42761825,"(53.44548512191101, -113.42761824856652)"
4091,144 Ave btwn 88A - E of 92 St,30,School/Playground Area;,53.60583322,-113.47864986,"(53.60583322095529, -113.47864986202231)"
4185,105 St Btwn 20-19 Ave,30,School/Playground Area;,53.44904603,-113.50054363,"(53.44904603300595, -113.50054363176856)"
7002,Whitemud Dr. @ Quesnell Bridge,80,Conventional Enforcement Unsafe;,53.50545609,-113.56674125,"(53.50545608905513, -113.5667412495985)"
2749,95 Ave between 158 - 160 St,50,History of Speeding;,53.53155624,-113.59557878,"(53.531556239081084, -113.59557877639594)"
2719,107 Ave between 110 - 113 St,50,Area of Public Concern;,53.55140855,-113.51302475,"(53.55140855278234, -113.51302475188886)"
4121,132 Ave btwn 72 - W of 76 St,30,School/Playground Area;,53.59224183,-113.45567120,"(53.59224183366425, -113.45567119624538)"
4078,80 Ave btwn 166 - 163 St,30,School/Playground Area;,53.51373496,-113.60527692,"(53.5137349614367, -113.60527692473087)"
2679,Hermitage Rd between Homestead Cr - Henry Ave,50,History of Speeding; Area of Public Concern;,53.58444400,-113.40252024,"(53.584444001879355, -113.40252024455305)"
7220,Sask Dr between 87 - University Ave,50,History of Speeding; Area of Public Concern;,53.52090898,-113.53885570,"(53.52090897859258, -113.53885570066637)"
2592,170 St between 109 - 110 Ave,60,History of Speeding; History of Collisions; Area of Public Concern;,53.55689727,-113.61519067,"(53.55689726799364, -113.61519066743405)"
7018,Anthony Henday Dr.  @ Yellowhead Tr.,100,History of Speeding; History of Collisions; Conventional Enforcement Unsafe;,53.57428873,-113.66123606,"(53.574288729218694, -113.66123605661255)"
2472,132 Ave between 103 - 105 St,50,Area of Public Concern; Conventional Enforcement Unsafe;,53.59206171,-113.49899841,"(53.59206170652085, -113.49899841427775)"
2557,122 St between 53 - 51 Ave,60,History of Speeding;,53.48966315,-113.54122495,"(53.489663154923655, -113.54122494612001)"
4165,Bulyea Rd Btwn Burton Rd - Buchanan Rd,30,School/Playground Area;,53.47307390,-113.57171262,"(53.473073900488615, -113.57171262152163)"
4014,132 Ave btwn 88 - 86 St,30,School/Playground Area;,53.59217056,-113.47441624,"(53.592170557812096, -113.47441623600164)"
4207,Hermitage Rd Btwn 40 St - 127 Ave,30,School/Playground Area;,53.58643946,-113.40712129,"(53.586439464966965, -113.40712129395229)"
2721,101 St between 107A - 108 Ave,50,Area of Public Concern;,53.55228268,-113.49371677,"(53.552282684355454, -113.49371676559429)"
4282,57 Ave btwn 175 St - W Entrance of Lessard Dr,30,School/Playground Area;,53.49294098,-113.62387896,"(53.492940980638295, -113.62387896079689)"
4083,165 St btwn 95 - N of 97 Ave,30,School/Playground Area;,53.53374528,-113.60599206,"(53.5337452805572, -113.605992063941)"
4202,76 Ave Btwn 172 - 177 St,30,School/Playground Area;,53.50898981,-113.62388929,"(53.50898980589662, -113.62388928623511)"
2473,132 Ave between Delwood Rd - 79 St,50,Area of Public Concern; Conventional Enforcement Unsafe;,53.59223322,-113.46280031,"(53.59223321810083, -113.46280030604021)"
7075,Yellowhead Tr at 7710 Yellowhead Tr,70,History of Speeding; History of Collisions;,53.58249771,-113.45960451,"(53.58249771017317, -113.45960451392382)"
261,Yellowhead Trail at 7710 Yellowhead Tr.,70,History of Speeding;,53.58249771,-113.45960451,"(53.58249771017317, -113.45960451392382)"
2580,Anthony Henday Dr at LeClair Way,100,Conventional Enforcement Unsafe;,53.60233020,-113.62734420,"(53.60233020495807, -113.62734420239968)"
4049,109 St btwn Beaumaris Rd - 164 Ave,30,School/Playground Area;,53.62354530,-113.50869668,"(53.62354529926539, -113.50869667875803)"
4103,93A Ave btwn 58 St - 67A St,30,School/Playground Area;,53.53043800,-113.42743264,"(53.53043799936681, -113.42743263887124)"
2638,50 St between 84 - 90 Ave,60,Area of Public Concern;,53.52071876,-113.41843275,"(53.52071875780503, -113.41843275110577)"
2563,39 Ave between 93 - 97 St,50,History of Speeding; History of Collisions;,53.47411071,-113.47638952,"(53.4741107063277, -113.47638952136572)"
4195,79 St Btwn 95 - 94 Ave,30,School/Playground Area;,53.53195597,-113.44808665,"(53.53195597165733, -113.44808664539325)"
4029,Riverbend Rd btwn 53 - 56 Ave,30,School/Playground Area;,53.49210899,-113.57825364,"(53.49210899346551, -113.57825364289299)"
4164,Bulyea Rd Btwn Burley Dr - Burton Rd,30,School/Playground Area;,53.47307390,-113.57171262,"(53.473073900488615, -113.57171262152163)"
4156,Capilano St Btwn 107 Ave - 65 St,30,School/Playground Area;,53.55478230,-113.42478294,"(53.554782301578825, -113.42478294097879)"
2737,106 Ave between 65 - 67 St,50,Area of Public Concern;,53.54933532,-113.43199224,"(53.54933532200025, -113.43199223650173)"
2469,132 Ave between 123 - 121 St,50,History of Collisions; Area of Public Concern;,53.59216642,-113.53195635,"(53.59216641826184, -113.53195634956019)"
7067,Wayne Gretzky Dr btwn Capilano Bridge-106 Ave,80,Conventional Enforcement Unsafe;,53.55182598,-113.43783426,"(53.55182597727543, -113.43783425733217)"
4013,132 Ave btwn 86 - 88 St,30,School/Playground Area;,53.59217056,-113.47441624,"(53.592170557812096, -113.47441623600164)"
2704,101 Ave between 70 - 67 St,50,Area of Public Concern; Conventional Enforcement Unsafe;,53.54119252,-113.43382707,"(53.541192515393895, -113.43382706521898)"
4082,105 Ave btwn 139 - 136 St,30,School/Playground Area;,53.54777224,-113.55885021,"(53.54777223743413, -113.55885020921805)"
2731,Kingsway Ave btwn Princess Eliz Ave-Airport Rd,60,History of Collisions;,53.56408238,-113.51588890,"(53.56408237813531, -113.5158888974601)"
2528,51 Ave between 122 - 116 St,50,Area of Public Concern;,53.48823317,-113.53622219,"(53.488233168359486, -113.53622219056896)"
4272,87 St btwn 79 - 77 Ave,30,School/Playground Area;,53.51418699,-113.46134270,"(53.51418699357125, -113.46134269709607)"
2562,39 Ave between 97 - 93 St,50,History of Speeding; History of Collisions;,53.47411071,-113.47638952,"(53.4741107063277, -113.47638952136572)"
4114,76 Ave btwn 106 - 105 St,30,School/Playground Area;,53.51227347,-113.50245064,"(53.51227346902059, -113.50245064070845)"
4187,182 St Btwn 87 - N of 84 Ave,30,School/Playground Area;,53.51925172,-113.63696966,"(53.51925172231421, -113.63696966453718)"
4097,144 Ave btwn 69 - 74 St,30,School/Playground Area;,53.60580350,-113.45041768,"(53.60580349769454, -113.45041768273002)"
4206,Hermitage Rd Btwn 127 Ave - 40 St,30,School/Playground Area;,53.58651349,-113.40696837,"(53.58651348849897, -113.4069683706029)"
7085,Gateway Blvd - South of Anthony Henday Dr.,90,History of Speeding; History of Collisions; Conventional Enforcement Unsafe;,53.43486002,-113.49002456,"(53.43486002152614, -113.49002455995429)"
4084,165 St btwn N of 97 - 95 Ave,30,School/Playground Area;,53.53374528,-113.60599206,"(53.5337452805572, -113.605992063941)"
2739,66 St between 132 - 134 Ave.,50,Area of Public Concern;,53.59386213,-113.44285788,"(53.593862133894795, -113.44285787616525)"
4113,76 Ave btwn 105 - 106 St,30,School/Playground Area;,53.51227347,-113.50245064,"(53.51227346902059, -113.50245064070845)"
4098,144 Ave btwn 74 - 69 St,30,School/Playground Area;,53.60568079,-113.45047956,"(53.605680787650336, -113.45047955781635)"
2471,132 Ave between 109 - 107 St,50,History of Speeding; Area of Public Concern;,53.59209329,-113.50619567,"(53.592093287346955, -113.50619566798402)"
4081,105 Ave btwn 136 - 139 St,30,School/Playground Area;,53.54777224,-113.55885021,"(53.54777223743413, -113.55885020921805)"
7087,Whitemud Dr between Fox Dr - 53 Ave,80,History of Speeding; History of Collisions; Conventional Enforcement Unsafe;,53.49791474,-113.57211828,"(53.49791473530298, -113.57211827798595)"
4205,Saddleback Rd btwn 27-25 Ave,30,School/Playground Area;,53.45785905,-113.52900704,"(53.457859050202686, -113.52900703664673)"
4120,132 Ave E of 69 - 72 St,30,School/Playground Area;,53.59226373,-113.44996868,"(53.59226373455659, -113.44996868458652)"
2581,Anthony Henday Dr at LeClair Way,100,Conventional Enforcement Unsafe;,53.60230061,-113.62633153,"(53.602300608109495, -113.62633153327288)"
2445,142 St btwn 104A - 105 Ave,50,Area of Public Concern; Conventional Enforcement Unsafe;,53.54725370,-113.56574834,"(53.54725370471114, -113.56574833928225)"
4147,132 Ave Btwn 113A - E of 109 St,30,School/Playground Area;,53.59212146,-113.51206262,"(53.592121460358854, -113.5120626185371)"
4075,104 Ave btwn 159 - 161 St,30,School/Playground Area;,53.54641245,-113.59745088,"(53.54641245308155, -113.59745087860475)"
7131,Anthony Henday Dr at 34 St,100,History of Speeding; History of Collisions; Conventional Enforcement Unsafe;,53.43573054,-113.39553673,"(53.43573053855436, -113.39553672744228)"
4189,91 St S of 88 - 86 Ave,30,School/Playground Area;,53.52255780,-113.46744056,"(53.522557800494795, -113.46744056333924)"
4104,93A Ave btwn 67A St - 58 St,30,School/Playground Area;,53.53043800,-113.42743264,"(53.53043799936681, -113.42743263887124)"
4112,96 St N of 68 - 66 Ave,30,School/Playground Area;,53.50406951,-113.47644314,"(53.50406950833476, -113.4764431359058)"
7059,Wayne Gretzky Dr. -  Capilano Bridge-Ada Blvd,80,Conventional Enforcement Unsafe;,53.55870355,-113.44088065,"(53.55870355152622, -113.44088064915107)"
4135,142 St N of 80 - 85 Ave,30,School/Playground Area;,53.51636706,-113.56569690,"(53.51636706221084, -113.5656968956074)"
2587,51 Ave between 116 - 114 St,50,Area of Public Concern;,53.48821440,-113.52787779,"(53.48821439609231, -113.52787778827974)"
4105,Ottewell Rd btwn 94 - 94B Ave,30,School/Playground Area;,53.53172388,-113.43521286,"(53.53172388311745, -113.43521286408608)"
4167,114 Ave btwn 38 - 36 St,30,School/Playground Area;,53.56680278,-113.39815384,"(53.566802783668805, -113.39815383996427)"
2747,87 Ave between 119 St - Sask Dr,50,Area of Public Concern;,53.52296101,-113.53828283,"(53.52296101325645, -113.53828283007503)"
4251,164 Ave Btwn 84-87 St,30,School/Playground Area;,53.62616164,-113.47498687,"(53.626161640996315, -113.47498686756944)"
7013,Anthony Henday Dr @ Ray Gibbon Dr,100,History of Speeding; History of Collisions; Conventional Enforcement Unsafe;,53.59113854,-113.64613646,"(53.5911385449838, -113.64613646310981)"
4002,Delwood Rd btwn 73 St - 134B Ave,30,School/Playground Area;,53.59681869,-113.45765336,"(53.59681868943947, -113.45765336446044)"
2501,Jasper Ave between 87 - 90 St,50,History of Speeding;,53.55270482,-113.47276308,"(53.55270481846885, -113.47276307762857)"
2589,51 Ave between 114 - 112 St,50,Area of Public Concern;,53.48819509,-113.52190308,"(53.48819508766002, -113.52190308158643)"
7023,Whitemud Dr at 111 St.,80,Conventional Enforcement Unsafe;,53.48258339,-113.51531222,"(53.48258338826572, -113.51531222010185)"
2722,101 St between 108 - 107A Ave,50,Area of Public Concern;,53.55228268,-113.49371677,"(53.552282684355454, -113.49371676559429)"
7166,91 St between 23 Ave - Anthony Henday Dr,70,History of Speeding; History of Collisions;,53.44594757,-113.46681048,"(53.445947572020934, -113.4668104755267)"
4128,156 St Between 84 - North of 81 Ave,30,School/Playground Area;,53.51626415,-113.59034063,"(53.51626415127578, -113.59034063255316)"
4203,76 Ave Btwn 177 - 172 St,30,School/Playground Area;,53.50898981,-113.62388929,"(53.50898980589662, -113.62388928623511)"
4160,149 A Ave Btwn 78 - W of 75A St,30,School/Playground Area;,53.61086995,-113.46035904,"(53.61086995467132, -113.46035903906669)"
7096,Yellowhead Tr east of Anthony Henday Dr,100,Conventional Enforcement Unsafe;,53.57340160,-113.65260343,"(53.57340160290783, -113.65260342714694)"
4146,132 Ave E of 109 - 113A St,30,School/Playground Area;,53.59212146,-113.51206262,"(53.592121460358854, -113.5120626185371)"
4159,139 St Btwn 116 - 115 Ave,30,School/Playground Area;,53.56683028,-113.56138609,"(53.56683027635628, -113.56138609031761)"
2748,50 St between 124 - 122 Ave,50,Area of Public Concern;,53.57833203,-113.41837579,"(53.578332030686326, -113.4183757852499)"
4181,Windermere Rd Btwn Windermere Blvd-Whitelaw Ln,30,School/Playground Area;,53.44112794,-113.61706553,"(53.44112794183161, -113.61706553120518)"
2757,163 St between 99 - 96A Ave,50,History of Collisions;,53.53571167,-113.60275402,"(53.53571166825143, -113.60275402414275)"
7005,Yellowhead Trail @ Anthony Henday Dr,100,History of Speeding; History of Collisions; Conventional Enforcement Unsafe;,53.57357317,-113.66018743,"(53.5735731656759, -113.66018742546709)"
4064,Blackmud Crk Dr SW btn James Mowatt Tr-Baker Close,30,School/Playground Area;,53.42093105,-113.51443148,"(53.42093105008583, -113.51443148331919)"
2670,118 Ave between 78 St - Wayne Gretzky Dr,50,History of Speeding; History of Collisions;,53.57030734,-113.45724250,"(53.570307335302715, -113.45724250164393)"
7017,Anthony Henday Dr. @ Yellowhead Tr.,100,History of Speeding; History of Collisions; Conventional Enforcement Unsafe;,53.57298521,-113.66198874,"(53.5729852141935, -113.66198873657481)"
387,104 St Between Univ. Ave. - 73 Ave.,50,Area of Public Concern; School/Playground Area;,53.51047043,-113.49767867,"(53.510470430849715, -113.49767866621947)"
4063,Blackmud Crk Dr SW btn Baker Close-James Mowatt Tr,30,School/Playground Area;,53.42093105,-113.51443148,"(53.42093105008583, -113.51443148331919)"
4192,40 Ave Btwn 115 A - 119 St,30,School/Playground Area;,53.47639220,-113.53521476,"(53.47639219894289, -113.53521476088493)"
2616,113A St between 132 - 130 Ave,50,Area of Public Concern;,53.59069563,-113.51654976,"(53.590695625248856, -113.51654976357032)"
7095,121 St between Kingsway Ave - Yellowhead Tr,60,History of Speeding;,53.57687194,-113.53053101,"(53.57687194294137, -113.53053101357578)"
2766,Fort Rd between 131 - 128 Ave,50,History of Speeding; Area of Public Concern;,53.58825963,-113.43632889,"(53.58825962817386, -113.43632888520264)"
4111,96 St btwn 66 Ave - N of 68 Ave,30,School/Playground Area;,53.50406951,-113.47644314,"(53.50406950833476, -113.4764431359058)"
7177,106 Ave between Rowland Rd - 76 St,50,Area of Public Concern;,53.54938881,-113.44241280,"(53.54938881273492, -113.4424127998047)"
4018,132 Ave btwn 137 - 135 St,30,School/Playground Area;,53.59262311,-113.55497982,"(53.592623106852706, -113.55497981514613)"
2720,107 Ave between 113 - 110 St,50,Area of Public Concern;,53.55140855,-113.51302475,"(53.55140855278234, -113.51302475188886)"
